,feature_66,feature_442,feature_3,feature_299,feature_154
0,28.1969,1.1623,2211.5222,0.0429,0.0143
1,30.4891,0.7663,2172.4,0.028,0.0071
2,33.1448,0.5858,2223.0444,0.09,0.0093
3,31.1416,0.9136,2226.4667,0.0786,0.0052
4,20.2491,0.8834,2134.7445,0.0664,0.0096
5,27.8298,0.8532,2208.9778,0.0161,0.0131
6,29.7124,0.5779,2171.5,0.0731,0.0065
7,20.4742,0.8883,2163.5889,0.0589,0.0042
8,25.5648,0.8387,2180.5556,0.0724,0.0123
9,29.2792,0.8136,2200.2111,0.0845,0.0153
10,26.1131,1.0959,2191.1333,0.0505,0.004
11,19.9389,1.0551,2221.9444,0.079,0.0176
12,20.6385,0.8446,2239.4223,0.0769,0.0122
13,29.7574,0.6268,2180.8889,0.0549,0.0094
14,26.4123,0.9715,2201.0667,0.0386,0.0077
15,25.6805,0.466,2197.3222,0.1024,0.0107
16,43.19710864821606,1.0551,2146.8555,0.0791,0.0157
17,25.722,0.5858,2209.6667,0.0557,0.017
18,30.9873,0.6857,2173.4889,0.0796,0.0125
19,22.1771,0.5888,2206.5777,0.0522,0.02785997877651999
20,36.0446,0.932,2209.8,0.0733,0.0073
21,32.2309,0.7849,2195.9778,0.0513,0.0044
22,22.4251,1.0959,2248.4222,0.0492,0.02785997877651999
23,23.1579,0.8752,2219.1333,0.0455,0.0146
24,25.6928,0.8716,2206.1444,0.0302,0.0093
25,28.0135,0.768,2217.8111,0.0501,0.0146
26,33.9867,0.6161,2231.9555,0.0549,0.0061
27,15.1094,1.0891,2220.7111,0.1284873676726966,0.0197
28,33.0144,1.1525,2176.6334,0.0219,0.0131
29,27.9576,0.8752,2146.9111,0.037,0.0175
30,21.3248,0.5779,2201.8666,0.1008,0.0105
31,27.9451,0.5967,2190.7666,0.0341,0.0116
32,27.5945,0.9826,2229.3333,0.0534,0.0041
33,20.899,0.7643,2180.7,0.104,0.0098
34,21.4279,0.7093,2205.7445,0.0664,0.0107
35,34.2526,0.9274,2190.7666,0.0486,0.0052
36,22.3582,0.815,2206.1444,0.0779,0.0062
37,16.2355,0.6641,2208.0,0.0567,0.0055
38,40.9448,0.9368,2183.4333,0.0358,0.0113
39,20.4872,0.9725,2198.7222,0.0718,0.018
40,27.9009,1.0323,2205.2889,0.0983,0.0198
41,22.992,1.2471,2177.0222,0.0465,0.018
42,23.7322,0.7121,2243.7778,0.0393,0.0073
43,25.5758,0.3512,2203.9740855529353,0.0396,0.0235
44,23.5223,0.8705,2210.9778,0.0919,0.0046
45,39.0387,0.9251,2204.9223,0.0449,0.0183
46,23.6518,0.8047,2260.2222,0.1027,0.0098
47,30.4537,0.685,2196.0,0.0785,0.0085
48,27.9357,0.8452,2208.5889,0.0975,0.0088
49,22.8371,1.1054,2208.8556,0.076,0.0146
50,23.5073,0.7158,2230.7555,0.0613,0.0177
51,23.4308,0.5799,2215.3889,0.0466,0.0058
52,32.567,1.0047,2243.7778,0.0404,0.0219
53,28.4794,0.7258,2153.9778,0.0876,0.0108
54,22.3865,1.0338,2220.4001,0.0608,0.0112
55,29.1518,0.9361,2201.0667,0.0671,0.0091
56,39.0971,0.9255,2197.6444,0.045,0.0046
57,25.3135,0.9826,2171.3222,0.0583,0.008
58,22.8282,0.6257,2190.1555,0.0959,0.0153
59,22.4125,0.7593,2215.3889,0.0284,0.0078
60,18.4428,0.746,2210.3556,0.0195,0.0082
61,32.9574,0.8089,2211.4,0.0563,0.0093
62,34.6316,0.7808,2218.7889,0.0599,0.0186
63,26.406342839567596,0.6605,2255.5222,0.0452,0.011
64,23.9136,0.6805,2127.9555,0.0869,0.0085
65,32.8121,0.587,2215.5111,0.076,0.0203
66,24.1144,0.6641,2196.6555,0.0548,0.0155
67,33.2277,0.9794,2185.9333,0.0978,0.0163
68,31.7642,0.7121,2238.5444,0.0712,0.0228
69,23.3578,0.7862,2192.7556,0.0259,0.0118
70,25.3216,0.8229,2162.1333,0.0357,0.0126
71,24.8465,0.7316,2180.7,0.0652,0.02785997877651999
72,20.3856,0.8235,2224.0,0.0373,0.0226
73,27.0685,0.9059,2197.2333,0.0438,0.0108
74,31.7039,0.9163,2226.3111,0.0431,0.0109
75,27.4583,0.6611,2239.4111,0.083,0.0155
76,26.7875,0.9066,2204.6667,0.0545,0.0096
77,23.024,0.8089,2209.9555,0.0359,0.015
78,21.1459,0.7153,2180.7,0.0655,0.0187
79,30.1944,1.0765,2158.7,0.0785,0.0139
80,21.5248,1.0723,2276.4556,0.0633,0.0141
81,29.6056,0.9072,2172.3111,0.0295,0.0149
82,29.873,0.7655,2213.9111,0.0598,0.0155
83,28.4839,0.932,2202.4556,0.0588,0.0102
84,25.6986,0.4782,2205.2555,0.048,0.0078
85,23.6877,1.0723,2186.9,0.0904,0.0109
86,28.293,0.7392,2167.6888,0.0377,0.0146
87,29.6525,0.8304,2127.9555,0.0633,0.0113
88,30.2949,0.6796,2162.1333,0.0937,0.0052
89,21.9164,1.1248,2191.5667,0.0556,0.0078
90,28.0144,0.9276,2194.9555,0.0567,0.0105
91,27.4975,0.8934,2170.7444,0.0915,0.015
92,25.8992,0.4817,2178.4667,0.0284,0.006
93,20.5007,0.8222,2184.8889,0.0525,0.0078
94,30.4749,0.6179,2197.3222,0.0456,0.0114
95,29.6185,0.9193,2214.9333,0.0559,0.0179
96,20.443,0.8007,2220.7111,0.0546,0.0245
97,18.5252,0.8263,2162.1333,0.0611,0.0096
98,25.8083,0.6222,2210.9778,0.0448,0.0049
99,25.0574,0.7158,2195.7666,0.0603,0.0215
100,26.14677321731484,0.9715,2183.3444,0.0263,0.0047
101,25.9771,0.4254,2223.0444,0.0718,0.0117
102,28.01,0.7532,2195.1,0.023,0.0132
103,24.2706,0.9916,2210.9778,0.0394,0.0084
104,28.6681,0.4184,2246.4889,0.0804,0.0183
105,24.3232,0.9048,2222.0111,0.0561,0.0056
106,43.19710864821606,1.0956,2222.0,0.0293,0.0202
107,23.3595,1.0199,2221.9778,0.0611,0.0152
108,13.2099,0.4443,2195.9778,0.0226,0.0196
109,17.965,0.7507,2224.0,0.0534,0.0196
110,29.3998,0.5888,2235.0556,0.0506,0.0052
111,35.3973,1.0956,2199.3334,0.073,0.0202
112,25.1751,0.9091,2195.5,0.0409,0.0088
113,31.4769,0.4996,2180.3778,0.0743,0.017
114,26.1117,0.3973,2201.6333,0.0348,0.0067
115,26.89,0.8616,2192.3778,0.0261,0.0179
116,25.426,0.9361,2242.8555,0.0952,0.0103
117,20.4223,0.4722,2177.0333,0.0444,0.0099
118,29.3235,0.7954,2197.3222,0.0251,0.0095
119,22.4678,0.8569,2179.7333,0.052,0.0155
120,23.5885,0.7898,2166.5222,0.0492,0.0196
121,27.2715,0.3963,2184.8889,0.0544,0.0137
122,25.7144,0.5765,2196.0,0.0484,0.0054
123,27.8262,0.7516,2150.0556,0.0403,0.0165
124,24.8182,0.5677,2186.9889,0.078,0.0187
125,17.4511,0.7193,2223.0444,0.0792,0.0088
126,31.7754,0.5593,2238.5444,0.0456,0.02785997877651999
127,19.2998,0.8304,2201.484676920037,0.049,0.0067
128,30.9658,1.0918,2183.5,0.048,0.0081
129,31.1057,1.0143,2222.0111,0.0526,0.0059
130,37.9277,0.7408,2178.7333,0.0654,0.007
131,29.0083,0.8427,2119.681844156991,0.1192,0.0054
132,28.5474,0.8297,2150.0556,0.0681,0.0127
133,28.3642,0.9729,2189.2333,0.0349,0.0041
134,33.7369,0.6796,2231.0555,0.0413,0.0166
135,33.58,1.0956,2181.6111,0.1284873676726966,0.0117
136,34.3644,0.8217,2172.2778,0.0304,0.0152
137,28.1555,0.8427,2145.4555,0.0292,0.0052
138,22.2034,0.565,2208.9,0.0974,0.005
139,29.6983,0.8595,2226.0667,0.0617,0.0045
140,41.7353,0.8041,2185.8111,0.0603,0.0161
141,23.7121,0.7258,2255.5222,0.0433,0.0061
142,30.1735,0.4817,2209.4667,0.1096,0.0109
143,25.6961,0.8569,2204.6667,0.0402,0.0186
144,22.9594,0.8752,2179.0778,0.0096,0.0076
145,29.5358,1.1086,2210.6111,0.0827,0.02785997877651999
146,24.1049,0.7642,2208.2334,0.0519,0.0086
147,18.5022,1.1638,2230.7555,0.0248,0.0047
148,35.2117,1.0407,2221.9444,0.0486,0.0064
149,28.8713,0.9359,2266.8333,0.0439,0.0111
150,20.9603,0.8446,2224.4778,0.053,0.0074
151,25.0675,0.8231,2159.0556,0.0495,0.0099
152,24.1262,0.7059,2185.8111,0.0514,0.0196
153,23.4389,0.5377,2178.6889,0.1016,0.0119
154,21.7593,0.7511,2175.9667,0.0721,0.0104
155,22.1972,0.7233,2167.0889,0.0859,0.0073
156,15.8955,0.9079,2173.6444,0.0399,0.0164
157,26.8707,0.9079,2183.3111,0.0434,0.0128
158,33.1206,1.0047,2186.9889,0.0845,0.0057
159,29.3586,1.0404,2212.3,0.0485,0.0053
160,27.4041,0.565,2236.1111,0.0837,0.0082
161,25.8087,0.832,2216.4778,0.0505,0.0172
162,26.8809,0.5836,2164.3,0.0512,0.0113
163,31.1665,0.7059,2197.2333,0.0953,0.0156
164,22.8144,0.9091,2194.9555,0.0309,0.0109
165,28.2662,0.9729,2214.1667,0.0099,0.0045
166,32.7695,0.8184,2192.7889,0.0515,0.0141
167,22.2363,1.026,2207.1,0.0161,0.0052
168,27.5825,0.679,2180.8889,0.0558,0.0154
169,30.9661,0.5478,2194.5889,0.0465,0.0137
170,27.6136,0.6987,2219.1333,0.0434,0.0122
171,26.7697,0.57,2214.9333,0.0476,0.0061
172,39.7661,1.1815,2230.0333,0.0473,0.0254
173,29.3135,0.6268,2217.0,0.0135,0.0066
174,22.7395,1.1248,2214.9333,0.0633,0.0112
175,20.8456,0.7408,2214.7111,0.0545,0.021
176,23.3129,0.8184,2195.4444,0.0249,0.006113650155553225
177,29.531,0.6815,2172.8111,0.0582,0.0057
178,26.8018,0.6611,2211.4,0.0691,0.0134
179,25.9351,0.7642,2165.8666,0.0489,0.0169
180,26.6318,0.3973,2167.4222,0.0285,0.0171
181,38.7128,0.9836,2193.1555,0.1284873676726966,0.0134
182,22.0031,0.7677,2228.9445,0.0363,0.0121
183,28.4637,0.9066,2177.4333,0.0826,0.0052
184,24.8006,0.74,2191.8445,0.0518,0.0126
185,15.3918,0.596,2186.9889,0.0238,0.0158
186,43.19710864821606,1.148,2248.4222,0.0393,0.0049
187,23.9837,0.8163,2227.2444,0.0619,0.0077
188,32.0785,0.7193,2209.6667,0.064,0.0071
189,27.0709,0.8638,2188.6,0.026,0.0065
190,25.6486,0.7337,2266.8333,0.064,0.0099
191,26.0435,0.8427,2155.3111,0.0348,0.0061
192,40.6543,0.7808,2218.7889,0.0604,0.0209
193,30.4711,0.9525,2179.7333,0.0526,0.0045
194,26.9954,0.647,2200.2111,0.0551,0.0042
195,25.7035,0.7258,2219.7667,0.124,0.0095
196,21.1888,1.1525,2177.3222,0.029,0.0153
197,28.2815,0.8163,2227.2444,0.0519,0.0038
198,31.3776,0.8787,2130.0556,0.0762,0.0059
199,28.2141,1.0918,2238.4556,0.0487,0.0059
200,39.8602,0.9794,2165.6222,0.0873,0.0161
201,24.0788,1.0359,2213.2111,0.0489,0.0114
202,21.0909,0.9048,2283.876517531315,0.0633,0.0054
203,25.8899,0.8787,2227.2222,0.0475,0.0108
204,25.6726,0.9109,2194.6444,0.0692,0.0197
205,27.9356,0.679,2213.3444,0.0689,0.0066
206,30.7798,1.0323,2205.2889,0.0589,0.0142
207,32.6759,0.4749,2205.5,0.0963,0.0048
208,25.7832,0.8047,2227.9778,0.0262,0.0097
209,24.6557,0.8231,2171.8556,0.0485,0.0055
210,27.3817,0.4254,2206.628350406384,0.0222,0.0116
211,30.0601,0.6901,2232.5889,0.0321,0.0122
212,29.2212,0.6611,2175.1222,0.0026,0.0067
213,34.9591,0.6254,2204.6667,0.0514,0.0105
214,31.2675,0.6901,2234.6111,0.0722,0.0064
215,25.1846,1.1255,2235.0556,0.058,0.006
216,25.55,0.6335,2171.3222,0.0202,0.0081
217,26.2905,0.8705,2216.5111,0.0707,0.0088
218,22.1065,0.687,2197.2333,0.0456,0.0089
219,23.0962,0.9726,2194.8,0.0713,0.0103
220,24.9602,0.6987,2253.5111,0.0321,0.0099
221,30.5016,1.0323,2243.7778,0.0363,0.0188
222,28.674,0.7643,2229.3333,0.0631,0.0123
223,31.3398,0.7655,2185.1,0.0493,0.0183
224,31.9878,0.481,2200.2111,0.0167,0.0058
225,43.19710864821606,0.4184,2171.9,0.078,0.0121
226,28.5411,0.8089,2208.9,0.0596,0.0152
227,18.0983,0.9444,2172.1111,0.0608,0.0064
228,22.7283,0.8159,2218.6333,0.0355,0.0071
229,21.5368,1.0393,2235.0556,0.0505,0.0053
230,39.6487,0.9255,2197.6444,0.0881,0.0065
231,21.6882,0.5392,2198.7222,0.0687,0.0061
232,25.1718,0.8229,2175.2556,0.0372,0.0058
233,31.2905,0.481,2216.8333,0.034,0.0168
234,27.2906,0.7674,2239.4111,0.0753,0.0151
235,28.3907,0.4744,2192.1889,0.0884,0.0174
236,24.9284,0.7532,2184.4222,0.0258,0.0122
237,33.4275,1.0047,2197.6778,0.0421,0.0216
238,16.8198,0.5279,2191.6667,0.0375,0.019
239,20.671,0.9826,2183.3111,0.0514,0.0059
240,28.1493,1.1213,2204.5,0.0327,0.0084
241,23.4218,1.0478,2231.6111,0.0336,0.0055
242,27.7436,0.6373,2206.1444,0.0546,0.0103
243,18.8275,1.0147,2212.7111,0.0819,0.0082
244,27.1747,0.3963,2233.1556,0.0,0.0149
245,39.6995,1.2364,2180.1556,0.0855,0.0187
246,25.3996,0.6796,2195.1,0.0941,0.0149
247,25.9403,0.9383,2215.3889,0.0554,0.0149
248,30.0664,1.2471,2217.3777,0.0676,0.0097
249,28.4017,0.6605,2150.0556,0.0439,0.0174
250,28.1991,0.3512,2192.1889,0.0444,0.0163
251,43.19710864821606,0.7059,2244.1111,0.0509,0.0188
252,27.4408,0.9729,2203.4556,0.042,0.0095
253,23.1602,0.869,2198.6889,0.0066,0.0162
254,34.5155,0.7808,2184.8778,0.052,0.021
255,26.5902,0.764,2256.1222,0.0339,0.0061
256,23.4023,0.9175,2162.5556,0.0268,0.015
257,27.0255,1.1248,2185.3334,0.0443,0.0165
258,29.0276,0.647,2189.6778,0.0532,0.0119
259,25.7623,0.57,2228.4444,0.0422,0.011
260,28.9348,0.577,2169.1111,0.0461,0.0064
261,26.6523,0.8146,2167.2,0.0554,0.0048
262,33.8967,0.9359,2264.7,0.0245,0.0042
263,23.6548,0.577,2210.9778,0.0425,0.0091
264,19.3876,0.9725,2216.9556,0.0593,0.0181
265,22.83,0.9588,2242.8555,0.0528,0.0049
266,26.2811,0.9143,2193.3555,0.0158,0.0098
267,25.2563,0.9079,2200.0666,0.0505,0.007
268,27.4139,0.5814,2192.7889,0.051,0.017
269,24.4746,0.7593,2205.7222,0.0649,0.0118
270,13.7158,0.9413,2230.0333,0.0665,0.0159
271,37.0683,1.1869,2213.7556,0.0324,0.0141
272,26.2575,0.3963,2210.9778,0.0421,0.0057
273,24.3727,0.6805,2216.7333,0.0519,0.0134
274,23.1671,0.3973,2197.556835040168,0.0322,0.0117
275,25.7696,0.8304,2190.1555,0.0711,0.0057
276,22.997,1.1255,2208.2334,0.0265,0.0068
277,27.7087,0.7534,2203.1667,0.0803,0.0139
278,25.5794,0.4722,2211.0667,0.0615,0.0075
279,24.9946,0.6605,2215.0222,0.0649,0.0058
280,22.3823,0.5632,2170.5444,0.076,0.016
281,23.8465,0.7153,2148.6223,0.0782,0.005
282,25.5921,0.832,2172.4,0.053,0.0153
283,25.1278,0.573,2224.1889,0.0691,0.0142
284,24.6507,0.9396,2194.5889,0.0761,0.012
285,22.3049,0.6335,2168.7333,0.0692,0.0057
286,28.4314,0.7447,2192.7889,0.095,0.0069
287,23.0665,0.9143,2260.7333,0.0251,0.0065
288,19.8525,0.5967,2190.7666,0.0689,0.0052
289,43.19710864821606,0.7507,2184.8778,0.0414,0.0204
290,28.2958,0.565,2206.4,0.0495,0.0112
291,20.3987,0.9072,2209.0889,0.0299,0.0172
292,30.2504,1.0631,2249.2556,0.0599,0.0108
293,19.4357,0.8231,2187.8111,0.0681,0.0089
294,28.2025,0.9444,2168.7333,0.0372,0.0115
295,28.2662,0.7852,2215.8111,0.1234,0.0152
296,34.5361,1.2364,2257.1667,0.0629,0.0213
297,18.6255,0.4221,2265.1889,0.0398,0.0138
298,21.8389,0.5194,2173.4889,0.073,0.0105
299,18.1563,0.4782,2203.1667,0.0816,0.0137
300,23.2849,0.9639,2172.5333,0.0647,0.0065
301,24.9957,0.8807,2207.0444,0.052,0.0089
302,21.6069,0.8452,2191.5,0.0804,0.0097
303,28.4191,0.7674,2218.8111,0.0497,0.0118
304,27.4762,1.0404,2200.2,0.0441,0.0056
305,24.5833,0.8217,2201.0667,0.0419,0.0096
306,25.6366,0.8883,2167.2,0.0503,0.004
307,35.2894,1.0047,2214.7111,0.038,0.0069
308,24.7224,1.0891,2257.1667,0.1284873676726966,0.0214
309,28.4909,0.7053,2189.9667,0.0351,0.0142
310,21.7822,0.7584,2212.8445,0.0835,0.0087
311,26.3171,0.7898,2180.6778,0.1284873676726966,0.0123
312,27.9241,0.7724,2208.5222,0.111,0.0048
313,28.8518,0.8883,2194.2889,0.0635,0.0176
